ulasan,rating_bintang,sentimen
"Mantap segala jenis casing HP cahrger HP tripot dll lumayan lengkap dan murah banget di sini",5,positif
"barang lengkap pelayanan ramah banyak diskon.",5,positif
"Barang nya lengkap pelayanan baik mantab",5,positif
"Pelayan cepat paham akan type hp ramah&murah senyum",4,positif
"Pelayanan cepat sangat ramah barang lengkap",5,positif
"Jujur cukup kecewa sih.. niat mau garansikan kabel C to C karena ngga bisa charge ternyata ngga bisa di garansikan dan di tolak katanya kabel datanya kalau patah atau putus ngga bisa digaransi la ini masih bagus beli bulan 11/2022 ngga patah dan ngga putus saat hp saya mati bisa di charge keluar logo petir tapi ngga nambah walau kalau pas idup ngga masuk dan katanya saat dibuat charge ngga masuk diluar garansi yang masuk garansi hanya tidak nambah persentase baterai hp nya atau malah berkurang Meskipun harganya ngga mahal ngga sampe 200k ya cukup kecewa kirain garansi 6 bulannya mudah hanya yang patah atau putus fisiknya yang tidak dapat digaransi Tolong team Frenz diperjelas lagi apa aja yang bisa digaransi dan ngga bisa masa kabel fisik masih bagus pemakaian ngga lama ngga patah tapi ngga bisa claim garansi.",1,negatif
"Tokonya lengkap juga baik sekali pelayananya",5,positif
"Konter warna pink Beli vocer kuota 5gb 25k dikasih yg 2,5gb Konter penipu gk jujur Wajahnya cantik tidak dengan akhlaknya",1,negatif
"Barangnya lengkap",5,positif
"Barangnyaaa lengkap bagusss",5,positif
"Lengkap pelayanan ramah sukses dan jaya selalu frenz sawojajar",5,positif
"barang yang dijual lengkap dan pelayanan ramah dari penjual",5,positif
"Cepat dan memuaskan pelayanan lumayan lengkap itemnya",5,positif
"Pelayanan ramah banget Banyak model juga dan tentunya banyak diskon ges hehe",5,positif
"Barang yang dijual lengkap Mulai dari softcase TWS dan aksesoris hp lainnya",5,positif
"Pelayanan keren abis ramah juga Barangnya juga lengkap Terimakasih",5,positif
"Pelayanan yang ramah tamah dan stock barang yang super lengkap",5,positif
"Disini pelayanannya sangat baik sekali",5,positif
"Baru peertama kali ke sini semuanya lengkap dan kakanya ramah",5,positif
"Pelayanannya cepat beli screen guard disini harga terjangkau",5,positif
"Mbak yang pakai hijab ditanyai malah diem aja gak jawab sama sekali cuma liatin aja Padahal saling tatap muka",1,negatif
"Barang lengkap pelayanan bagus harga murah",5,positif
"Pelayanan bagus barang lengkap",5,positif
"Tempatnya bersih penjualnya ramah sangat rekomen untuk beli aksesoris hp disini",5,positif
"Tempatnya lengkap dan pelayanannya bagus",4,positif
"Pelayanan bagus harga terjangkau",5,positif
"Top harga ramah dikantong pelayanan juga ramah terima kasih",5,positif
"Toko aksesoris murah dengan pelayanan yang mengesankan",5,positif
"Acc hp lengkap dan murah pelayanannya juga ramah",5,positif
"pelayanan bagus barang lengkap termurah",5,positif
"pelayanan dan barangnya mantap pokoknya",5,positif
"pelayanan istimewa dan banyak diskonnya",5,positif
"ramah baik pokoknya oke",5,positif
"pelayanan oke semua oke",5,positif
"lengkap pelayanan bagus cepet juga",5,positif
"Pelayanannya ramah garansi charger selama 6 bulan dan bisa diklam harga terjangkau lengkap",5,positif
"Langganan sejak zaman dahulu kala ramah bersih murah pilihannya banyak best sukses dan berkah selalu",5,positif
"Mantap segla jenis casing hp charger hp tripot dll lumayan lengkap dan murah banget disini",5,positif
"Pelayanannya ramah cepat dan sangat rekomended",5,positif
"Barang lengkap pelayanan ramah banyak diskon",5,positif
"Barangnya lengkap pelayanannya baik mantap",5,positif
"Pasang temperedglass sangattt rapi bersih mantap pelayanannya",5,positif
"Pelayanan cepat paham akan tipe hp ramah dan murah senyum",5,positif
"Pelayanan cepat sangat ramah barang lengkap",5,positif
"Lengkap pelayanannya ramah baik",5,positif
"Tokonya lengkap juga baik sekali pelayananya",5,positif
"Sangat memuaskan dan barang yang sesuai",5,positif
"Jujur cukup kecewa sih.. niat mau garansikan kabel C to C karena ngga bisa charge ternyata ngga bisa di garansikan dan di tolak. katanya kabel datanya kalau patah atau putus ngga bisa digaransi la ini masih bagus beli bulan 11/2022 ngga patah dan ngga putus saat hp saya mati bisa di charge keluar logo petir tapi ngga nambah walau kalau pas idup ngga masuk ,dan katanya saat dibuat charge ngga masuk diluar garansi, yang masuk garansi hanya tidak nambah persentase baterai hp nya atau malah berkurang Meskipun harganya ngga mahal ngga sampe 200k ya cukup kecewa kirain garansi 6 bulannya mudah hanya yang patah atau putus fisiknya yang tidak dapat digaransi Tolong team Frenz diperjelas lagi apa aja yang bisa digaransi dan ngga bisa masa kabel fisik masih bagus pemakaian ngga lama ngga patah tapi ngga bisa claim garansi Agak aneh sih",1,negatif
"Lengkap pelayanannya ramah",5,positif
"Konter warna pink Beli vocer kuota 5gb 25k dikasih yg 2.5gb Konter penipu gk jujur Wajahnya cantik tidak dengan akhlaknya",1,negatif
"Barang nya lengkap",5,positif
"Barangnyaaa lengkap bagusss",5,positif
"Pelayanannyaa sangaatt ramaahh terbaikkk",5,positif
"pelayanan nya baik barang lengkap",5,positif
"Sangattt lengkap",5,positif
"Accessories HP Terlengkap",5,positif
"Accessories HP terlengkaaapp",5,positif
"Sangat lengkaap",5,positif
"Mantap",5,positif
"Mantap... lengkap dan pelayanan ramah",5,positif
"Keluarga kami langganan beli charger temper glass casing earphone dll Mas mbaknya ramah ramah Selalu dikasih diskon Barang tersedia dr yg kualitas low budget sampe kualitas bagus Oh iya ada garansi juga",5,positif
"Salah satu tempat favorit apabila ingin membeli aksesoris smartphone. Letaknya cukup strategis di ruko semanggi karena di pinggir jalan raya Suhat. Barang-barangnya cukup lengkap disini untuk kualitas sesuai dengan harga. Untuk tempat parkirnya cukup untuk beberapa sepeda motor saja",5,positif
"Harga terjangkau barang lengkap karyawannya ramah dan sangat cepat sekali responnya",5,positif
"Barang lengkap harga murah banyak diskon",5,positif
"pelayanannya sangat kurang dateng duluan saya lalu ada orang berpenampilan bagus tapi yg dilayani hanya org itu kita tanya tapi hanya di beri tau tempatnya padahal juga mau nanya nanya seperti di cabang frenz lain kita juga bakal beli kok terlalu menyepelekan penampilan!",2,negatif
"toko ACC hp terlengkap dan termurah pelayanan jg baik & ramah kualitas barang terjamin bagus",5,positif
"Salah satu toko ACC hp langganan sejak lama harga murah kualitas bagus dan selalu banyak promo tiap bulannya",5,positif
"Toko acc hp paling lengkap di malang Pelayannya ramah banget tempatnya bersih dan oke sekali",5,positif
"Tempat favorit untuk membeli aksesories handphone tempatnya bersih & nyaman pelayanan ramah harga terjangkau pokoknya the best",5,positif
"Suka sekali belanja di frenz suhat mbaknya ramah2 trus lengkapn bgt semua acc hp ada disini",5,positif
"Tokonya pinggir jalan raya pelayanannya ramah barangnya lengkap Rekomendasi banget kalo beli ACC hp disini",5,positif
"Toko aksesoris hp terlengkap dimalang barangnya oke karyawannya ramah tamah mantap",5,positif
"Rekomendasi banget kak mas2 yg pakek kacamata sabar banget soal pelayanan jgn diragukan lagi harga juga masuk buat mahasiswa hehe",5,positif
"toko aksesoris terlengkap case nya jg bagus2 pelayanannya jg oke tokonya bersih bikin cust betah",5,positif
"Pelayanan sangat bagus Barang nya lengkap sekali suka sekali belanja disini",5,positif
"Tokonya pinggir jalan raya pelayanannya ramah barangnya lengkap Rekomendasi banget kalo beli ACC hp disini",5,positif
"Rekomendasi banget kak mas2 yg pakek kacamata sabar banget soal pelayanan jgn diragukan lagi harga juga masuk buat mahasiswa hehe",5,positif
"Barang sangat lengkap Toko bersih Karyawan nya ramah ramah",5,positif
"toko aksesoris terlengkap case nya jg bagus2 pelayanannya jg okeüëçüèªtokonya bersih bikin cust betah",5,positif
"tokonya bersih&rapi mbak2 & mas2nya ramah2 dlm pelayanan barangnya lengkap&murah",5,positif
"Pelayanan sangat bagus Barang nya lengkap sekali suka sekali belanja disini",5,positif
"toko ACC hp terlengkap dan termurah pelayanan jg baik & ramah kualitas barang terjamin bagus",5,positif
"Toko bersih rapi & nyaman pegawainya ramah barang lumayan lengkap & harga terjangkau",5,positif
"Beli casing hp dari rumah dan langsung dikirim Free ongkir pula sukkaaaa banget",5,positif
"Penyelamat disaat charger rusak Jam 8 pagi udah buka Terbaik",5,positif
"Pelayanan baik cepat saya benerin temperglas rapi pengerjaannya dan murah",5,positif
"tempatnya bersih barangnya lengkap pelayanan bagus",5,positif
"Pelayanan oke Staffnya ramah Gak nyesel deh beli tempered glass disini Bagus Harganya juga muraah",5,positif
"Cukup lengkap untuk aksesories semua gadget Petugas yg tersedia jg banyak",5,positif
"Mbak e baik akrab nyaman tempat e barang e lengkap ws pokok e worth it lah",5,positif
"Pelayanan baik barang komplit gerai sdh buka di pagi hari jam 8",5,positif
"lengkap dan sangat murah barang bagus bagus",5,positif
"Barusan beli tempred glass harga 35rb dan dapat kesan yg kurang bagus Saya hanya customer yg beli barang tak lebih dari 50rb saya dilayani oleh masnya yg bantu pasang dan cek kebetulan saya adalah orang yg sedikit perfeksionis dan saya merasa berhak untuk komplain bila ada kotoran atau yg lainnya beberapa kali masnya dengan super sabar bantu buang kotoran yg masih tertempel belum selesei dengan membersihkan layarnya ada mbaknya yg kebetulan juga jaga tiba tiba bilang "kenapa rewel tha" Ini sedikit terdengar tidak nyaman ditelinga saya Karna saya sadar kalau saya komplain terlalu lama hal ini yg saya ingin tau apakah memang di frenz harga menentukan pelayanan yg di berikan apakah kata 'rewel' ini merujuk ke hpnya atau saya sebagai customer mudah2an bisa di baca oleh pihak frenz dan bisa memberikan jawaban atas apa yg saya tanyakan Terimakasih",1,negatif
"Jumat 21 Desember saya membeli earphone dengan kabel data Saat mbak kasir menyiapka kembalian atas pembayaran saya saya tidak cek krn pesan ojek online untuk pulang Sesampainya saya di rumah saya melihat kembalian saya utuh namun yg seharusnya saya mendapatkan earphone dan kabel data ternyata yg ada di plastik hanya earphone saja Mengecewakan sekali",1,negatif
"kasir bawah kurang membantu asik dengan dunianya sendiri",2,negatif
"Toko acc hp paling lengkap di malang Pelayannya ramah banget tempatnya bersih dan oke sekali",5,positif
"Dulu pernah beli barang di salah satu frenz yang ada di malang trus dapet kupon yg bisa ditukar ketika pembelian selanjutnya dengan salah satu barang di frenz secara gratis Eh td nyoba mau nuker kupon ke salah satu cabang frenz eh malah gaboleh disuruh ke tempat frenz yang dulu ngasih kupon Padahal jelas2 dikupon tertulis "dapat ditukar diseluruh cabang frenz",1,negatif
"Harga terjangkau kualitas bagus",5,positif
"Lengkap terpercaya dan terjangkau",5,positif
"Sebetulnya saya senang ada yg jual accesoris suhat ini saya pengen beli softcase sudah di tunjukkan tapi tidak sesuai arahan saya akhir pembayaran saya tidak di suruh coba sampai rumah eh ternyata salah dan tidak bisa dikembalikan tapi makasi gambarnya bagus sudah saya cutter sampai muat dengan HP saya",3,netral
"Lumayan lengkap tapi kualitas barang agak kurang bagus mungkin kebanyakan produk China jadi sedikit mengecewakan Harap mengecek barang terlebih dahulu dan dicoba kalau bisa karna mungkin tidak semua barang lulus QC",4,positif
"Memang untuk aksesoris HP lengkap dari seri tipe dan merk HP Hanya produknya untuk HP lawas kurang memadai baik variasi dan macam macam aksesorisnya bahkan sempat kehabisan produk Tapi overall lengkap semua",4,positif
"Mas nya baik d bantu nyarikan apa yg qta butuh Bener2 pelayanan ok",5,positif
"Toko accesoris handphone yang bisa dikatakan termurah dan terlengkap di malang raya Mulai dari yang berbentuk kecil hingga yang besar Ada banyak toko atau outlet yang tersebar di kota malang kabupaten malang dan kota batu Sehingga memudahkan anda untuk membeli kebutuhan gadget anda Anda juga bisa mendaftar sebagai member untuk mendapatkan beberapa keuntungan Salah satunya adalah untuk mendapatkan discount di setiap pembelian anda",5,positif
"Haduuhh mbak kita mo beli bukan minta casing di toko yg BUKAN PUNYA KAMU üòÖ jd punya muka biasa aja gausah jutek sm customer baru jd pegawai aja udah songong buat mbak2 yg gak tinggi2 amat yg kerja di frenz suhat semoga baca yaa ü§£ kemaren mo tegur langsung sbenernya tp kok yaa belum sampe hati",2,negatif
"Ini saya beli hf bluetooth 50rb tapi kualitas suaranya jelek sekali apa bisa di tukar tambah?",2,negatif
"Banyak aksesoris smartphone dengan berbagai tipe dijual disini Sangat lengkap mulai dari case charge sampe jenset Wuuu cobain pasti pusing milih yang mana",5,positif
"Seller nya sangat sangat tidak ramah nggak melayani dengan baik ketus dan jutek ini saya jujur ya ngga ada niat sengaja menjatuhkan tapi saya ketika kesana sangat tidak dilayani dengan baik bahkan mbak nya memandang sinis padahal saya beli dan bayar ya nggak nyuri",1,negatif
"Tempat aksesoris hp yg cukup lengkap Tapi kalo beli charger mending beli yg pasti2 aja sih Beli charger disini eh malah meledak Jadi kalo ke sini mending beli pemanis hp aja dibanding beli charger dll",3,netral
"Tempat cari aksesoris gadget yang hampir lengkap Harga sangat terjangkau apalagi pakai member card Perhatiin terus kalo lewat soalnya sering ada promo",4,positif
"Barang cukup lengkap dan harga termasuk wajar saja",3,netral
"Tempatnya strategis harga accecorisnya beraneka ragam harganya cukup terjangkau bagi setiap kalangan hebatnya meskipun tempatnya kecil tapi cukup lengkap dan pelayanannya bagus dari setiap team di dalamnya",5,positif
"Pelayanan nya oke Sayang casing hp salah satu merek dengan jenis tertentu gak banyak pilihan tinggal yg casing transparan aja",3,netral
"Utk kebutuhan aksesoris hp dan laptop ada disini Harga mahasiswa Parkir lega Lokasi strategis Pelayanan cukup ramah Bolehlah",4,positif
"Mbak kasirnya kalo kerja gak fokus ngelayani pelanggan sambil ngomong sm orang lain dan gak fokus Akhirnya ngasih kembalian pun kurang begitu saya tagih masih agak engkel2an",2,negatif
"Kesana untuk beli headset Varian lumayan banyak Harga terjangkau sampai ke yg mahal pun juga ada Pegawai responsive",4,positif
"Cukup lengkap dengan menyediakan banyak pilihan aksesories handphone Harganya pun bervariasi dan cenderung murah",5,positif
"Dapatkan aksesoris handphone dengan harga murah Namun jangan terlalu berharap dengan harga rendah Ada harga ada rupa",5,positif
"Mungkin yang mau cari aksesoris hp mulai dari yang biasa sampe yang berkualitas rekomendasi di sini nih",5,positif
"Sangat bagus bersih dan tempat terawat menyediakan segala kebutuhan handfone",5,positif
"Toko accessories hp yang recommended menurut saya karena pilihannya yang banyak",5,positif
"Jika hp baru terbit terkadang blum ada acessorisnya",4,positif
"pegawai gak ramah bilang iphone TEN R dibully diketawain",1,negatif
"Kebetulan beli pas tidak memuaskan",2,negatif
"Varian produk cukup banyak Harga terjangkau",4,positif
"menyediakan berbagai macam aksesoris handphone",3,netral
"Tempat mudah dijangkau pelayanan ramah",4,positif
"Mantap kualitas terbaik",5,positif
"Bagus lokasi pinggir jalan pelayan oke",4,positif
"Sudah agak kurang lengkap barangnya",3,netral
"Gak terlalu lengkap sih",3,netral
"Harga bersahabat",4,positif
"Kaca kamera j1 ada gak ya",1,negatif
"Karyawannya ramah dan sabar",5,positif
"Aksesoris hp lumayan lengkap",5,positif
"Cari casing hape banyaakk dsini",5,positif
"Banyak pilihannya",5,positif
"lengkap",4,positif
"Ramah banget",5,positif
"Murah",5,positif
"Banyak pilihan murah",5,positif
"Ramai",5,positif
"Tidak lengkap",1,negatif
"Lumayan",5,positif
"Murah lengkap",3,netral
"Tidak sepenuhnya mahal",2,negatif
"acc hp terlengkap di probolinggo harga juga murah pelayanan juga oke thankyouu ka",5,positif
"Pelayanan sangat memuaskan bisa ko sultasi tentang problem HP semuah merk juga lengkap aksesoris juva lengkap yg pasti di jamin puas trims frenz indonesia sukses terua",5,positif
"Masnya ganteng penjual ramah banyak voucher",5,positif
"Aksesoris Hp terlengkap Murah Meriah kualitas terjamin Mas nya ramah yang namanya kiki",5,positif
"Pelayanannya bagus orang nya ramah ramah",5,positif
"mantap diskonnya pelayanan ramah",5,positif
"Lengkap kualitas bagus dan pelayanan bagus Pokoknya the best lah",5,positif
"Barang super lengkap pelayanan joss tenan",5,positif
"Pelayanan sangat ramah mas mas nya ganteng poll",5,positif
"Pelayanan sangat baik Sangat ramah dan bersih",5,positif
"barang sangat lengkap pelayanan juga mantap",5,positif
"Semua toko bersih pelayanan baik",5,positif
"Pelayanan yg sangat ramah k customer",5,positif
"Mantap nih banyak voucher dan diskon lainnya",5,positif
"Pelayanan bagus barangnya juga berkualitas dan murah",5,positif
"Pelayanan sangat memuaskan sangat terjangkau",5,positif
"Salah satu tempat aksesoris terlengkap",5,positif
"Lengkap barangnya banyak pilihan",5,positif
"toko nya lengkap bersih pelayanan juga ramah",5,positif
"Ramah bersih",5,positif
"Barang lengkap mantappp",5,positif
"Temperglass nya bikin sakit mata dan pelayanan kurang",1,negatif
"Pelayanan sudah cukup bagus tp kadaang beberapa sales memaksa utk membeli barang yg harganya diatas dri harga barang yg dibeli oleh customer",4,positif
"Pelayanan nya ramah langganan disini daftar member dapet potongan harga Selalu ngadain promo jugaa",5,positif
"ini dijamin super duper murah banget banyak diskon barang juga awet bgt next bakal order disini lagi deh",5,positif
"harga murah kwalitas istimewa banyak pilihan case harga anti gores kaca full layar mulai dr 10.000 dan pelayanan ramah",5,positif
"Mantapp kok ini hasil nya sy pasang hydrogel iphone 14 promax",5,positif
"harga murah kualitas nya oke banget banyak juga promo nya mulai dari kabel headset anti gores dan pelayanannya juga bagus",5,positif
"Beli headset murah disini kwalitasnya awet dan bagus banget free ongkir cod juga",5,positif
"Beli charger tdk perlu khawatir gabisa karna garansi yg di tawarkan 6bulan guys",5,positif
"paling seneng belanja di cab monang maning lengkap murah ramah pkoknya dilayanin sampe deal walaupun pas rame",5,positif
"Harga murah pelayanannya bagusss pokok nya nggk nyesel beli disini",5,positif
"Toko Acc Hp paling murah sebali dengan pelayanan ramah terpercaya dan kualitas bagus recommend",5,positif
"beli headset bluetooth 2 tahun lalu suaranya bagus dan awet banget",5,positif
"Selalu belanja disini pelayanan oke sukses selalu",5,positif
"Suka belanja disini barang lengkap pelayanan ramah sukses selalu",5,positif
"Tempat Accesories hp dengan harga murah kualitasnya juga oke banget njirr",5,positif
"pelayanan ramah dan baik pengerjaannya teliti dan rapi",5,positif
"kakak"nya ramahh barangnyaa jugaaa bagus bagus",5,positif
"Sangat baik pelayanan ramah suka belanja disini",5,positif
"Saya sudah dua kali beli disini Temperedglas yg prtama beli yg warna item 35k masang nya gak bener ada glembung nya trus saya tanyak kok ada glembung mbak Jwaban nya iyaa kak nanti dia ilang kok krna Hp nya blom panas dan 2 hari yg lalu saya beli Temperedglas juga Iphone 11 yv bening dagang nya gk ada ramah agak jutex mentang2 saya beli yg murah harga 10k trus masangnya bagus tapi kurang teliti baru saya sampai rumah ada debu nempel dlemnya dan saya lepas lagi tempered nya sbelum nya saua udh tanya sama mbak2 yg kcil agak kurus itu yg masang antigores hp saya awas mbak yaa ada debu masuk trus dia jawab iyaa kak nanti klo ada debu masuk kita kita bukak lagi dengan mukak yg jutex pada Customer",1,negatif
"Selalu belanja disini barang bagus pelayanan oke",5,positif
"Pelayannya ramah ngebantu sering belanja disini",5,positif
"Pelayanan yg baik ramah dan bertanggung jawab",5,positif
"Langganan dari dulu pelayanan oke harga dan kualitas juga oke",5,positif
"Senang belanja di sini pelayanan yg super ramah",5,positif
"pelayan nya ramah dan kualitasnya barangnya juga oke",5,positif
"pelayanan ramah dengan harga yang terjangkau",5,positif
"harga murah pelayanan ramah",5,positif
"Pelayanan dan barang oke mantap",5,positif
"Pelayanan mantap kualitas lengkap",5,positif
"Harga murah kualitas oke",5,positif
"Barang nya lengkap dan murah",5,positif
"Suka belanja disini sukses selalu",5,positif
"sangat bagus banget",5,positif
"Pelayan yang jaga 3 tapi memberikan anti gores yang tidak sesuai dengan hp alasannya memang itu Sangat mengecewakan Sekian kali langganan baru kali ini nemu penjaga yang kurang baik",1,negatif
"Pelayanan cukup baik dan cepat",5,positif
"Pelayananya bagus dan murah",5,positif
"Suka belanja disini sukses terus",5,positif
"Harga murah dan tempatnya strategis",5,positif
"Pelayanannya bagus",5,positif
"Bagus sekali",5,positif
"Pelayanan baik dan ramah",5,positif
"Kecewa ke sekian kalinya Dan ini yg terakhir saya mampir setelah lama mempercayakan diri disini Dulu beberapa kali tempreedglass yg ga sesuai dgn type hp yg akhirnya terpaksa harus beli karena sudah kadung nempel di hp Sekarang hydrogel yg menurut sy info dari mba yg pake kaca mata kurang baik menyampaikan kepada konsumen bahwa itu ga cocok di pasang akhirnya dobel belinya Bukan masalah harga tp jika sudah ga sesuai sulit pasti menerima Belum lagi cara pasangnya yg menurut sy agak keras ya sampai di ujung layar bunyi cetaak cetakk ngerii ada goresan walau ga terlalu kliatan tapi sy nabungnya dgn susah payah beli hp nya lo jadi mohon maaf kalau mungkin terlalu berlebihan Semoga hanya sy yg merasakan kekecewaan Sy letak kan di depan kartu member karena ga enak hati mau langsung kasi ke mbaknya Terima kasih untuk semua kerjasamanya selama ini",1,negatif
"mantab beli headset blom seminggu sudah rusak apa karna kabelnya terlalu tipis ya entah lah",1,negatif
"Bagus semua barang nya",5,positif
"aneka ragam aksesoris hp bisa memilih lgsg di display hrga bersahabat dg mengandalkan kualitas tentunya dibantu staf yg ramah recommended utk belanja Kembali",5,positif
"Pelayanan sangat baik",5,positif
"Barang yang di jual kurang bagus baru beli headset dan tws seminggu sudah rusak dan tidak ada garansi padahal harganya lumayan mahal",1,negatif
"Sangat bagus",5,positif
"barang disini lengkap tempatnya juga nyaman dilayani sangat baik dan ramah meskipun lagi rame harga barangnya juga murce dan kualitas barangnya sangat bagus",5,positif
"terbaik",5,positif
"Sudah langganan dari lama sukses selalu",5,positif
"Pelayan baik dilayani ramah dan banyak diskonan. sukses selalu",5,positif
"Alhamdulillah untuk pelayanan nya bagus, penjaga ramah, pengerjaan ataupun pencarian barang cepat, sukses terus untuk frenz cabang bugis",5,positif
"Alhamdulillah pelayanann di toko ini sangat bagus dan barangnya lengkap",5,positif
"Nyaman sekali belanja disini yg pelanggan tetap dan bermemper juga diskonnya banyak sekali",5,positif
"Suka banget beli difrenz barangnya lengkap pelayanannya juga okee",5,positif
"mantap pelayanan nya ramah",5,positif
"Produknya lengkap, pelayanan memuaskan",5,positif
"Mantaappp, pelayanan ramah sekaliii",5,positif
"barang OK, pelayanan pasang screen cepat",5,positif
"Seneng sama frenz, lupa tempatnya akhirnya nyari¬≤ dijalan ketemu juga",5,positif
"Mantap pol murah berkualitas",5,positif
"ramah sekali harga terjangkau",5,positif
"lengkap dan pelayanan yang ramah",5,positif
"Mantaps",5,positif
"Pelayanan ramah Pelayanpun cepat",5,positif
"Pelayanan sangat baik",5,positif
"baik dan cepat",5,positif
"bagus sekali",5,positif
"tempatnya agak jauh dari rumah",3,netral
"murah meriah",5,positif
"termurah",5,positif
"pelayanan sangat baik",5,positif
"pegawai ramah",5,positif
"Pelayanan nya ramah",5,positif
"Krenn barangnyaa ori",5,positif
"Pelayanan oke",5,positif
"Hasil bagus sesuai harapan",5,positif
"Pelayanan yang sangat ramah",5,positif
"Barusan pasang TG murah banget 50rb udah anti spy anti radiasi, anti badai wkwk",5,positif
"Semoga lancar rezeki buat karyawan pegawai pegawainya dengan jasa pelayanan yang sangat baik harga terjangkau dan juga stock berbagai macam merk aksesoris hand phone yang lengkap menambah berkah dan semakin banyak pelangan yang berbelanja di outlet frenz Mantap ",5,positif
"Mantapss",5,positif
"Pelayanan memuaskan",5,positif
"Makin ok aja frez dan banyak diskon nya",5,positif
"Pelayanan ramah dan harga oke banyak promonya jugaa",5,positif
"Bersih dan bagus",4,positif
"Pelayananya baik",5,positif
"Joss murah",5,positif
"Pelayanan sangat baik",5,positif
"toko lengkap harga terjangkau",5,positif
"Mantap",5,positif
"Pelayanan mas nya ramah top banget lanjutkan bro",5,positif
"Senang belanja d sini barang lengkap Banyak pilihan Seller nya juga Ramah Harga sesuai",5,positif
"Baik",5,positif
"Pelayann baik dan ramah",5,positif
"Good services",5,positif
"pelayanan top banget barang lumayan lengkap dan banyak diskon",5,positif
"Pelayanannya bagus barangnya lengkap",5,positif
"Pokok nya mantab poll",5,positif
"Sangat memuaskan sekaliii",5,positif
"Pelayanannya baik lumayan lengkap dan yg pasti murah meriah gaeess",5,positif
"Toko aksesoris hp paling lengkap dan pelayanannya cukup baik dan ramah ",5,positif
"Mantap keren",5,positif
"rohul dinaikan gajinya dongg",5,positif
"Frenz Sawojajar 2 'nyaman pelayanannya baik ramah banyak diskonnya  n garasinya jg ndak kaleng2 6bulan '",5,positif
"Pelayanan ok dan terus dvtingkatakan sangat memauskan",5,positif
"Pelayanan bagus dan banyak diskon",5,positif
"Pelayanannya sangat baik kakak nya ramah dan sopan ",5,positif
"Pelayanan bagus dan lengkap",5,positif
"Menyenangkan supel perasaannya nyaman",5,positif
"Pelayanan bagus",5,positif
"pelayanan oke",5,positif
"Lengkap mantap",5,positif
"Baik pelayanannya memuaskan",4,positif
"Pelayanan bagus barang bagus",4,positif
"Pengerjaan cepat bersih ramah",5,positif
"karyawan ramah banyak diskon mantap pokoknya disini",5,positif
"Top pelayanan nya",5,positif
"Pelayanan oke",5,positif
"Pelayanan oke",5,positif
"Bgus barang sesuai dgn harga",4,positif
"Layanan memuaskan",5,positif
"Friendly guys reasonable price",5,positif
"Lengkap",4,positif
"Aksesoris hape paling lengkap di area sawojajar 2",5,positif
"Barang masih kurang lengkap",5,positif
"Rekomended",4,positif
"Ramah murah",5,positif
"Perlengkapan HP banyak macamnya",3,netral
"Murah sih barang bagus tapi ada pak parkire kadang pas barang gak ada harus tetep bayar parkir",4,positif
"Lengkap tapi mahal",3,netral
"Banyak pilihan e",4,positif
"Pelayanan sangat memuaskan...mbaknya cantikk jugaa",5,positif
"Pelayannya bagus jadi buat kalian yang mau wes gak usah diragukan lagi okay...",5,positif
"Ok",5,positif
"Pelayanannya bagus dan ramah",5,positif
"Bagus dan pekerjaanyaa juga baguss, sudah baikk tapii semoga bisa lebih baik Terimakasih",5,positif
"Apik pokok e",5,positif
"Sangat baik dan pelayanan juga cepat",5,positif
"Pelayanannya cepat banget",5,positif
"Pelayanan sangat ramah",5,positif
"Tempat bagus dan pelayanan yang ramah",5,positif
"Reseller ramah, penanganan cepat, mba mba e sat set wes pokok nya the best",5,positif
"Pelayanan Joss gandoss",5,positif
"Bagusss, mbnya ramah bgtt",5,positif
"Ramah banget",5,positif
"Keren",5,positif
"Pelayanannya ramah",5,positif
"Mantab mbknya... cantik cantik dan pelayan aanya memuaskan",5,positif
"Pelayanan nya ramah",5,positif
"Mantap",5,positif
"Sang baik",5,positif
"Pelayanannya bagus ramah tempatnya nyaman",5,positif
"Sat set pelayanan e jozz",5,positif
"Pelayanannya okee banyak promo, thankyou..",5,positif
"Lengkap",5,positif
"Ramah dan responsif",5,positif
"Ter Ter terbaik",5,positif
"Bagus produk dan pelayanannya",5,positif
"Masnya ramah banget",5,positif
"Sangat ramahh",5,positif
"Sangan baikk dan berkualitas",5,positif
"Sangat bagus",4,positif
"Tersedia flashdisk dan ada garansi nya",5,positif
"Ramah dan profesional",5,positif
"Selalu langganan di Frenz, barangnya bagus2 dan terjangkau harganya",5,positif
"Pelayanan sangat baik",5,positif
"Bagus",5,positif
"Aksesoris hp nya lengkap, pelayanan ramah",5,positif
"Pelayanan ramah dan cepat",5,positif
"Terimakasih Franz Landungsari Malang, pelayanannya baik dan ramah banget, harganya terjangkau. Terus produk yang dijual juga pengkap banget! Terimakasih!!",5,positif
"Pelayanan nya baik dan ramahh",5,positif
"Nice one",5,positif
"Wahh pelayanan bagus dan jugaa barangnya juga baguss",5,positif
"Pelayanan ramah dan banyak bonus .",5,positif
"Sangat memuaskan",5,positif
"Pelayanan terbaik",5,positif
"Tempat bersih, pelayanan baik dan ramah, cepat juga",5,positif
"Cs nya ramah, baik, barangnya juga bagus.. Sering langganan di sini soalnya deket",5,positif
"Ramah, semangat terus",5,positif
"Tempat nya strategis , lengkap bersih dan mbak nya ramah cukup puas",5,positif
"Makasiii",5,positif
"Sangat raah dan embantu customer",5,positif
"Harga terjangkau, lengkap",5,positif
"Aman terpercaya",5,positif
"Keluarga kami langganan beli charger, temper glass, casing, earphone dll. Mas mbaknya ramah¬≤. Selalu dikasih diskon. Barang tersedia dr yg kualitas low budget sampe kualitas bagus. Oh iya, ada garansi juga.",5,positif
"Salah satu tempat favorit apabila ingin membeli aksesoris smartphone. Letaknya cukup strategis di ruko semanggi karena di pinggir jalan raya Suhat. Barang-barangnya cukup lengkap disini, untuk kualitas sesuai dengan harga. Untuk tempat parkirnya cukup untuk beberapa sepeda motor saja.",5,positif
"Harga terjangkau,barang lengkap karyawannya ramahdan sangat cepat sekali responnya,",5,positif
"Recomended , barangnya komplit, harganya terjangkau , pelayanannya luar biasa ramah .. Tetep kompak selalu ",5,positif
"Barangnya lumayan lengkap, karyawan ramah dan responsif. Barangnya juga bergaransi. The best !",5,positif
"Barang lengkap , harga murah , banyak diskon",5,positif
"Salah satu toko ACC hp langganan sejak lama harga murah kualitas bagus, dan selalu banyak promo tiap bulannya ",5,positif
"Toko acc hp paling lengkap di malang Pelayannya ramah banget , tempatnya bersih dan oke sekali ",5,positif
"Tempat favorit untuk membeli aksesories handphone, tempatnya bersih & nyaman, pelayanan ramah, harga terjangkau, pokoknya the best",5,positif
"Suka sekali belanja di frenz suhat, mbaknya ramah2 trus lengkapn bgt, semua acc hp ada disini ...",5,positif
"Tokonya pinggir jalan raya, pelayanannya ramah, barangnya lengkap . Rekomendasi banget kalo beli ACC hp disini ",5,positif
"Rekomendasi banget kak , mas2 yg pakek kacamata sabar banget , soal pelayanan jgn diragukan lagi , harga juga masuk buat mahasiswa hehe",5,positif
"Barang sangat lengkap . Toko bersih . Karyawan nya ramah ramah",5,positif
"toko aksesoris terlengkap, case nya jg bagus2, pelayanannya jg oke",5,positif
"tokonya bersih&rapi, mbak2 & mas2nya ramah2 dlm pelayanan, barangnya lengkap&murah",5,positif
"Pelayanan sangat bagus. Barang nya lengkap sekali suka sekali belanja disini",5,positif
"toko ACC hp terlengkap dan termurah, pelayanan jg baik & ramah, kualitas barang terjamin bagus",5,positif
"Toko bersih ,rapi & nyaman .pegawainya ramah , barang lumayan lengkap & harga terjangkau .",5,positif
"Pelayanannya ramah,dan barangnya ok",5,positif
"toko bersih & rapi, barangnya lengkap, harga terjangkau, pelayanannya jg ramah",5,positif
"Toko aksesoris hp terlengkap dimalang, barangnya oke, karyawannya ramah tamah mantap ",5,positif
"Pelayanan bagus,ramah,stok selalu lengkap untuk type baru",5,positif
"Beli casing hp dari rumah dan langsung dikirim, Free ongkir pula, sukkaaaa banget",5,positif
"Penyelamat disaat charger rusak. Jam 8 pagi udah buka. Terbaik",5,positif
"Pelayanan baik, cepat , saya benerin temperglas rapi pengerjaannya dan murah ",5,positif
"tempatnya bersih, barangnya lengkap, pelayanan bagus",5,positif
"Pelayanan oke. Staffnya ramah. Gak nyesel deh beli tempered glass disini. Bagus. Harganya juga muraah",5,positif
"Mbak e baik akrab nyaman tempat e barang e lengkap ws pokok e worth it lah",5,positif
"Di toko ini pelayanannya sangat bagus dann ramahhhh",5,positif
"Pelayanan terbaik, harga terjangkau murah, penjaganya ramah",5,positif
"Harga yang ditawarkan murah tapi kualitas gak murahan. Frenz suhat terbaik",5,positif
"Toko rapi dan bersih, pelayanan bagus",5,positif
"pelayanan ramah, produk lengkap, sangat recomended ",5,positif
"Penjual ramah tamah . Barang lengkap banget",5,positif
"toko aksesoris terlengkap termurah, dan kualitas terjamin",5,positif
"Pelayanan ramah sekali.... Harga murah bangetttt",5,positif
"Pelayanan baik, barang komplit, gerai sdh buka di pagi hari jam 8.",5,positif
"Toko ACC HP yg Lengkap & harga BerSahabat..... Dengan barang kwalitas yg lumayan bagus ",5,positif
"lengkap dan sangat murah barang bagus bagus",5,positif
"Bagus... Pegawainya ramah Pelanyanan memuaskan",5,positif
"Bagus , pelayanan ramah harga murah",5,positif
"Barang lengkap murah berkualitas",5,positif
"Toko rapi, pelayanan ramah",5,positif
"Mantap sperpart lengkap murah",5,positif
"memuaskan",5,positif
"Pelayanan cepat",5,positif
"Tempatnya strategis, harga accecorisnya beraneka ragam, harganya cukup terjangkau bagi setiap kalangan, hebatnya meskipun tempatnya kecil tapi cukup lengkap dan pelayanannya bagus dari setiap team di dalamnya.",5,positif
"Pelayanan ramah",5,positif
"Aman lengkap",5,positif
"Baik dan ramah",5,positif
"Cukup lengkap dengan menyediakan banyak pilihan aksesories handphone. Harganya pun bervariasi dan cenderung murah.",5,positif
"Mantep disini murah murah",5,positif
"Memuaskan",5,positif
"Belanja murah",5,positif
"Dapatkan aksesoris handphone dengan harga murah. Namun jangan terlalu berharap dengan harga rendah. Ada harga, ada rupa.",5,positif
"sukses",5,positif
"Mungkin yang mau cari aksesoris hp mulai dari yang biasa sampe yang berkualitas rekomendasi di sini nih",5,positif
"Tempat belanjan aksesoris hp yg lengkap dan murah meriah",5,positif
"Sangat bagus bersih dan tempat terawat menyediakan segala kebutuhan handfone",5,positif
"Pelayanan ramah, cepat dan berkwaloyas",5,positif
"Baik",5,positif
"Tempat belanja printilan HP yang cukup Lengkap ygy",5,positif
"ramah",5,positif
"Lengkap. Tapi kadang penjaga tokonya kurang ramah",5,positif
"Aksesoris yg cukup lengkap dan harga cukup murah..",5,positif
"Tempat accesories gadget terfaforit dimalang. Murah dan lengkap",5,positif
"Tempat cari aksesoris yang lengkap dan banyak promo",5,positif
"tempat pasang antigores hp lengkap + recommended",5,positif
"Tempat kulak an aksesoris hp. Kuantiti harga beda",5,positif
"Koleksi aksesoris hpnya lumayan lengkap",5,positif
"Aksesoris murah dan lengkap. Serta banyak promo",5,positif
"lengkap gaes mau aksesoris apa aja ada",5,positif
"Barang lengkap, pelayanan ramah",5,positif
"Tempat aksesories hp terlengkap di malang",5,positif
"Barang nya lumayan",5,positif
"Mantap kualitas terbaik",5,positif
"bagus, aksesorisnya lengkap",5,positif
"Toko Akaesori ponsel Murah Meriah gila",5,positif
"Murah dan pelayanan mantap",5,positif
"Tingkatkan terus dalam melayani pelanggan",5,positif
"Lumayan lengkap accessories.nya",5,positif
"Aksesoris dan pelayanan nya oke",5,positif
"Asesoris hp yg lengkap",5,positif
"Aksesoris lengkap,karyawan ramah",5,positif
"Cari casing hape banyaakk dsini",5,positif
"Langganan",5,positif
"Aksesoris hp lumayan lengkap",5,positif
"pren jangan lupa beli di prenz",5,positif
"Karyawannya ramah dan sabar",5,positif
"Lengkap dan murah",5,positif
"Nyaman",5,positif
"Mayan sih",5,positif
"Bagus.",5,positif
"Lengkap accecories",5,positif
"Acc hp",5,positif
"Banyak pilihannya",5,positif
"Ramah banget",5,positif
"Murah",5,positif
"Banyak pilihan, murah.",5,positif
"Mayan lengkap",5,positif
"Ramai",5,positif
"Mayan laaah",5,positif
"Murah",5,positif
"Lumayan",5,positif
"Murah",5,positif
"Lengkap",5,positif
"Recomended Cellphone Accessories Seller.",5,positif
"Ok",5,positif
"murahhh",5,positif
"Ok",5,positif
"Taraaaaa",5,positif
"Top",5,positif
"Nice",5,positif
"Yuk Belanja Di Frens ACC Genteng  Banyak Varian Acecoriesnya Lengkap Dan Pasti ha Harganya Murah Banget",5,positif
"Konter Acc terlengkap dan terpercaya di daerah genteng .. Dan banyaak promo di setiap pembeliannyaa",5,positif
"Termurah di banyuwangi ,, apalagi punya member selalu dapat potongan .. Mantab",5,positif
"Sangat puas dengan pelayanan,pegawainya sangat ramah",5,positif
"pelayanan yg ramah,murah dan terpercaya",5,positif
"Harganya murah, pelayanan ramah",5,positif
"Toko yg super lengkap,top bgt.",5,positif
"Joss lebih lengkap lagi",5,positif
"Tokonya lengkap",5,positif
"Tmenku yg jual cakep orangnya",5,positif
"pelayanannya baik trimakasii kak",5,positif
"Harga terjangkau",5,positif
"Lengkap harga murah",5,positif
"barangnya bagus",5,positif
"belanja disini banyak promo",5,positif
"bagus dan banyak diskon",5,positif
"barangnya mantab",5,positif
"mantap",5,positif
"harganya pas",5,positif
"sangat puas",5,positif
"pelayanan baik",5,positif
"lengkap",5,positif
"mantap",5,positif
"sangat puas",5,positif
"bagus",5,positif
"mantap",5,positif
"Bagus",5,positif
"Baikk",5,positif
"Sangat memuaskan",5,positif
"Pelayanannya memuaskan dan barangnya lengkap",5,positif
"Sangat cekatan",5,positif
"Baguss",5,positif
"Sangat memuaskan",5,positif
"SUDAH BAGIS BANYAO DISCON",5,positif
"sangat baik",5,positif
"TERBAIK",5,positif
"Good",5,positif
"Lengkap",5,positif
"Good",5,positif
"Ouas banget uxah berlangganan jaman dahulu kala",5,positif
"Sangat memuaskan",5,positif
"Baik terbaik",5,positif
"Pelayanan bagus bangettt",5,positif
"Mantap",5,positif
"Mantap",5,positif
"Pelayanannya cepat & lengkap. Tempat jg nyaman bersih",5,positif
"Harga sangat terjangkau",5,positif
"Ramah",5,positif
"Pelayanan mantap",5,positif
"Sangat memuaskan",5,positif
"Toko sangat luas",5,positif
"tempat strategis dan barang lengkap",5,positif
"Good",5,positif
"Good",5,positif
"sangat puas",5,positif
"Barang yang tersedia lengkap??",5,positif
"bagus untuk tempat dan luas",5,positif
"Toko sudah baik",5,positif
"Pelayanan yang sangat memuaskan",5,positif
"Pelayanan oke",5,positif
"Kadang ada kadang kosng barang yang dicari",4,positif
"Ramahh",5,positif
"Pelayanan nya sangat puas,",5,positif
"lengkap harga terjangkau",5,positif
"Sangat recomend",5,positif
"Toko mbois sak malang",5,positif
"memuaskan, baik??",5,positif
"Paling lengkap . Sip??",5,positif
"Ganti screen guard cepet wuuzzz wuuzzz",5,positif
"Pelayanan baik",5,positif
"Deket klo butuh butuh urgent dan parkiran luas, klo bisa bnyakin promo dan diskon untuk menarik pembeli",5,positif
"TERBAIK..????",5,positif
"Terimakasih",5,positif
"Toko perlengkapan elektronik khusus nya handphone segala merk dan pastinya lumayan lengkap, pelayanan juga memuaskan. Sangat rekomen banget !!! ????",5,positif
"Parkiran luas ,brg lngkap dan harga terjangkau",5,positif
"Layanan oke, area parkir lumayan luas. Melayani ganti layar pelindung HP. Pilihan casing HP banyak namun tipe tertentu banyak yang kosong.",4,positif
"Frenz paling dekat. Puas dg layanannya. Bnyak pilihan best quality",5,positif
"Sejuk",5,positif
"Nice Electronic equipments for you to purchase",5,positif
"Nyaman n ramah pelayanannya",5,positif
"Bagus",5,positif
"Biasa beli aksesoris hp di sini, seperti headset. Cukup lengkap, dekat dengan rumah. Thanks frenz",5,positif
"Cari case dan pasang screen glasses, lengkap harga terjangkau. Banyak bonus juga.
Pelayanan ramah bisa ditunggu juga",4,positif
"Menyediakan banyak kebutuhan accesories HP dengan harga terjangkau.",5,positif
"Petugas ramah",4,positif
"Penjual kurang ramah, tapi barang2 lengkap dan murah
Jos",5,positif
"Terdapat banyak aksesoris untuk HP dan perlengkapan2 pendukung lainnya, harga terjangkau dengan kualitas yang bersaing ?",5,positif
"Softcase banyak varian, pelayanan ramah",4,positif
"berbagai keperluan asesoris hp bisa dibeli disini, lokasinya mudah ditemukan dan terdapat banyak cabang diberbagai tempat.",4,positif
"Cukup lengkap untuk asesoris hp",4,positif
"Lumayan lengkap kalo mau cari asesoris hp",5,positif
"Cukup lengkap menyediakan aksesoris peralatan HP apalagi kebutuhan sekolah online",4,positif
"Pelayanan ramah",5,positif
"Muantapppuuuuu jiiiiwaaaa",5,positif
"pelayanannya ramah...
rekomended banget....
keep it up...",5,positif
"Good place to find your cellphone accessories",5,positif
"Mahalll.....",5,positif
"Tokonya bagus lumayan lengkap, tapi pas beli pegawainya tidak memberikan nota. Saran saya supaya bisa memberikan pelayanan lebih baik kedepannya",3,negatif
"Tempat aksesoris hp, earphone yg buat aku layak di percaya sih. Mantap! ??",5,positif
"ramah",5,positif
"Lumayan lengkap",4,positif
"Menjual accessories HP dengan berbagai model, dan harganya cukup terjangkau",3,netral
"barang kurang lengkap,",5,positif
"Harga lumayan, sayangnya tidak lengkap",3,netral
"Bagus",4,positif
"Tempat sangat terjangkau.",5,positif
"Tempatnya nyaman",5,positif
"Bagus",5,positif
"Pelayanan ramah, tempat luas, sayang harga sedikit lebih tinggi dari toko lainnya",5,positif
"Tempatnya lengkap..promonya kurang..hehee",4,positif
"Tempat jual aksesoris Hp",5,positif
"Belum jam 21.30 karyawannya bilang tutup sudah tutup..",4,negatif
"Complete phone shop with friendly and helpful staff",1,negatif
"Bagus pas ganti screngad tapi casing hp kurang banyak pilihan",5,positif
"Parkir luas, barang lengkap dan harga terjangkau",4,positif
"Aksesori hp cukup lengkap",5,positif
"Murah, ramah",4,positif
"Murah apalagi kalau ada kartu member",5,positif
"Mantap",5,positif
"Lengkap",4,positif
"Kalo bikin member di fenzz diskon 10%",1,negatif
"lumanyan lengkap, parkiran luas dan gratis",4,positif
"lumayan",4,positif
"Rekomendasi beli casing aksesoris disini",5,positif
"Pelayanan baik & ramah Produk bagus",5,positif
"Mbak nya ramah, barang barangnya berkualitas.",5,positif
"Sangat Memuaskaaan... Mantapp banget... Pelayanan Ramaah.... Jozzzz bgt",5,positif
"Pelayangan bagus cari temper glas dan casing hp dll berbagai merek hp ada di toko frend",5,positif
"bagus banget",5,positif
"Pelayannya baik",5,positif
"Pelayanan ramah dan barang lengkap",5,positif
"pelayanan baik",5,positif
"rapi,nyaman,enak dilihat",5,positif
"Mantulll",5,positif
"pelayanannya ramah, kualitas barang nya juga baguss",5,positif
"Toko aksesoriss yang sangat recomended??selain banyak diskon barang nya juga bergaransi semua josss",5,positif
"Kabel charge iphone tidak awet. Beli dapet 2 bulan rusak. Gitu aja terus",3,negatif
"Sipp",5,positif
"Siip",5,positif
"Keren",5,positif
"Cukup lengkap Tapi untuk handphone lama aksesorisnya kurang lengkap Harga standard",3,netral
"Good job Pelayanannya baik sekali Ramah dan sopan Lokasinya juga strategis Its oke Barang2 banyak pilihan Juga lumayan lengkap",4,positif
"Langganan",4,positif
"Toko aksesoris terlengkap di daerah Surabaya Utara. Dengan harga yang sangat bersaing, dan pelayanan yang sangat bagus. Terletak di lokasi yang strategis, di jantung surabaya utara, tepatnya di daerah tenggumung/wonokusumo. Sangat recomended dengan koleksi accessories lengkap.",5,positif
"Pelayanan ramah poll baik, cantik lagi hehe pokok nya enak buat di ajak omong tentag aksesoris hp bintang 5 langsung",5,positif
"Pelayanan ramah,kualitas barang bagus bgt",5,positif
"Kualitas produknya oke banget. Dan penangannya sangat bagus. Gak rigu deh belanja disini. Semua ada disini terimakasih @frensindonesia",5,positif
"Pelayanan ramah, barang berkualitas dan murah banget",5,positif
"Pelayanan nya ramah, murah senyum, dan barangnya berkualitas",5,positif
"Pelayanan sangat bagus dan ramah. Aksesoris nya sangat bagus dang lengkap",5,positif
"Pelayanan sangat baik dan barangnya berkualitas",5,positif
"Barangnya bagus berkhualitas harga juga ga nguras kantong, pelayanan ramah juga",5,positif
"Pelayanan sangat ramah, barang juga berkhualitas",5,positif
"Pelayanan bagus, barangnya jga bagus2",5,positif
"Pelayanan ramah,  stok variasi lengkap.  Tempat bersih dan nyaman.",5,positif
"Banyak promonya..pelayanan ramah dan ok..bisa via cod. Terima kasih",5,positif
"Sangat bagus pelayannya..hasilnya pun  bagus cantik rapi.ramah dikantong pula.",5,positif
"Barangnya bagus topp bnget, pelayanan juga ramah",5,positif
"Suka banget belanja disini, mb nya juga ramah harga nya juga sesuai kualitas",5,positif
"Toko bersih, pelayanannya bagus dan ramah",5,positif
"Pelayanan sangat ramah dan kualitas sangat bagus",5,positif
"Ramah dan sangat memuas kan Produk nya bagus",5,positif
"Harga terjangkau, pelayanan bagus dan memuaskan",5,positif
"suka banget sama barang-barangnya, mb nya juga ramah",5,positif
"Toko terlengkap banget, harga murah dan berkhualitas",5,positif
"Barangnya bgs pelayanan nya juga ramah",5,positif
"Kualitas barang bagus2 harga murah2",5,positif
"Pelayanan bagus, toko lengkap",5,positif
"Pelayanan terbaik aksesoris lengkap harga ekonomis",5,positif
"Lengkap, pelayanan baik, ramah. Pokoknya the best",5,positif
"Banyak promo, pelayanannya ramah dan tempatnya juga bersih",5,positif
"Barangnya berkhualitas, mb nya juga ramah",5,positif
"Barangnya berkualitas sesuai harga",5,positif
"Barang nya lengkap bergaransi dan pelayananya ramah",5,positif
"Barangnya berkualitas dan harganya lumayan murah",5,positif
"pelayanan bagus karyawan juga ramah sangat okeee",5,positif
"Naik kan gajinya mbaknya... pelayanan oke...",5,positif
"Harga terjangkau kualitasnya bagus bgtt",5,positif
"Barang berkualitas dan pelayanan prima",5,positif
"Pelayanan ramah Murah meriah",5,positif
"Toko lengkap,pelayanan ramah",5,positif
"Pelayanan bagus ramah murah lg",5,positif
"Barangnya bagus dan berkualitas",5,positif
"Sangat Puas pelayanan nya bagus dan ramah",5,positif
"Pelayanan ramah, dan barang bagus",5,positif
"Sangat puas banget belanja di sini",5,positif
"Barangnya bagus2, harga murah, kualitasnya bagus",5,positif
"Pelayanan ramah banget",5,positif
"Harga murah barang berkualitas, kalau pengen murah beli kartu platinum frenz harga 10 ribu terus setiap beli di sini dapat diskon 25% kalau pakai kartu itu",5,positif
"Pelayanan sangat puas bangett",5,positif
"Kualitas barang bagus harga murah",5,positif
"Bagus banget saya suuka",5,positif
"Ada harga ada kualiatas",5,positif
"Pelayanan bagus",5,positif
"pelayanannya ramah bangett",5,positif
"Pelayanan baik dan ramah",5,positif
"toko termurah dan terpercaya",5,positif
"Barangnya bagus",5,positif
"Pelayanan ramah bgt",5,positif
"Bagus dan lengkap mantapppp",5,positif
"Pelayanan mantap",5,positif
"Ramah banget pelayanannya",5,positif
"Murah bagus",5,positif
"Sangat puas",5,positif
"Pelayanan bagus",5,positif
"barang bagus dan harga terjangkau",5,positif
"Bagus",5,positif
"Kulialitas bagus",5,positif
"Pelayanan bagus",5,positif
"Menjual produk yang original",5,positif
"Lokasi toko lumayan strategis, kualitas barang bagus2, pelayanan ramah.",5,positif
,5, positif
,5, positif
"Seller ramah, dan memberikan garansi kualitas produk",4,positif
"Pelayanan baik",4,positif
,4,positif
,4,positif
"Gercep mbak nya jg baik cepet lugas gk bertele-tele",5,positif
"Pelayananannya ramah producknya cukup lengkap,trimksh toko frenz sudah dibantuüôè",5,positif
"Kualitas barang bagus,sellernya ramah dan jelas dalam menjelaskan produküëç",5,positif
"Kualitas baik, pelayanan ramah, dan jelas dalam menjelaskan produk",5,positif
"Seller ramah, gapake lamaüëçüèªüëçüèªüëçüèª",5,positif
"Pelayanan nya ramah dan harga terjangkau",5,positif
"Barangnya ori semua pelayanannya juga ramah",5,positif
"Pelananya sangat cepat dan bagus dan orangnya ramah",5,positif
"Beli case disini murah dan bagus produk bergaransi",5,positif
"bagus, mbak¬≤nya gercepüëçüèº",5,positif
"Pelayanan baik dan ramah",5,positif
"pelayanan ya bagus, mbanya ramah. kesini pas beli case hp",5,positif
"WOW disini accecoris lengkap bgt,",5,positif
"Barangnya banyak yang bergaransi",5,positif
"Barang nagus harga terjangkau",5,positif
"PELAYANAN SANGAT BAGUS SEKALI TERIMAKASIH YA",5,positif
"Pelayanan sangat ramah",5,positif
"Ramah dan cepat pelayanan",5,positif
"barang berkualitas",5,positif
"Pelayanan sangat bagus",5,positif
"Ok banget",5,positif
"Harga terjangkau pelayanannya ramah baik",5,positif
"Pelayanan oke",5,positif
"Bagus banget",5,positif
"Bener bener murah dan lengkap. Kemarin beli temperglass cuman 5 ribu waktu promo. Harga normal nya 10 ribu. Ngasih diskon gak tanggung2 mbaknya.",5,positif
"Sangat ramah",5,positif
"Baik dan ramah",5,positif
"Mudah dijangkau dan aman",5,positif
"Good Job",5,positif
"Produk berkualitas, harga terjangkau dan pelayanan ramah.",5,positif
"ESSIP",5,positif
"Mantaff",5,positif
"ok",5,positif
"nice",5,positif
,5,positif
,5,positif
,5,positif
,5,positif
,5,positif
,5,positif
,5,positif
,5,positif
,5,positif
,5,positif
,5,positif
,5,positif
,5,positif
,5,positif
,5,positif
,5,positif
,5,positif
,5,positif
,5,positif
,5,positif
,5,positif
,5,positif
,5,positif
,5,positif
"Seller ramah, dan memberikan garansi kualitas produk",4,positif
"Pelayanan baik",4,positif
,4,positif
,4,positif
"Gercep mbak nya jg baik cepet lugas gk bertele-tele",5,positif
"Pelayananannya ramah producknya cukup lengkap,trimksh toko frenz sudah dibantuüôè",5,positif
"Kualitas barang bagus,sellernya ramah dan jelas dalam menjelaskan produküëç",5,positif
"Kualitas baik, pelayanan ramah, dan jelas dalam menjelaskan produk",5,positif
"Seller ramah, gapake lamaüëçüèªüëçüèªüëçüèª",5,positif
"Pelayanan nya ramah dan harga terjangkau",5,positif
"Barangnya ori semua pelayanannya juga ramah",5,positif
"Pelananya sangat cepat dan bagus dan orangnya ramah",5,positif
"Beli case disini murah dan bagus produk bergaransi",5,positif
"bagus, mbak¬≤nya gercepüëçüèº",5,positif
"Pelayanan baik dan ramah",5,positif
"pelayanan ya bagus, mbanya ramah.
kesini pas beli case hp",5,positif
"WOW disini accecoris lengkap bgt,",5,positif
"Barangnya banyak yang bergaransi",5,positif
"Barang nagus harga terjangkau",5,positif
"PELAYANAN SANGAT BAGUS SEKALI TERIMAKASIH YA",5,positif
"Pelayanan sangat ramah",5,positif
"Ramah dan cepat pelayanan",5,positif
"barang berkualitas",5,positif
"Pelayanan sangat bagus",5,positif
"Ok banget",5,positif
"Harga terjangkau pelayanannya ramah baik",5,positif
"Pelayanan oke",5,positif
"Bagus banget",5,positif
"Bener bener murah dan lengkap. Kemarin beli temperglass cuman 5 ribu waktu promo. Harga normal nya 10 ribu. Ngasih diskon gak tanggung2 mbaknya.",5,positif
"Sangat ramah",5,positif
"Baik dan ramah",5,positif
"Mudah dijangkau dan aman",5,positif
"Good Job",5,positif
"Bagus",5,positif
"sangat mantap",5,positif
"Mantaff",5,positif
"ok",5,positif
"nice",5,positif
"Produk berkualitas, harga terjangkau dan pelayanan ramah.",5,positif
"ESSIP",5,positif
"Mantaff",5,positif
"ok",5,positif
"nice",5,positif
,5,positif
,5,positif
,5,positif
,5,positif
,5,positif
,5,positif
,5,positif
,5,positif
,5,positif
,5,positif
,5,positif
,5,positif
,5,positif
,5,positif
,5,positif
,5,positif
,5,positif
,5,positif
,5,positif
,5,positif
,5,positif
,5,positif
,5,positif
,5,positif
,5,positif
,5,positif
"Ealah tadi beli charger di sni 2 amp 40k karena buru2 mau berangkat kerja nyoba bntar aja. Nda tau nya smpe tempat kerja tidak bisa di pake ada tanda ngisi doang tpi gak nambah baterai nya. Gak ada garansi pula hahaha. Apes cuy ternyata barang yg di jual burik ya. Cukup tau aja sebagai warga sekitaran situ haha kecewa",1,negatif
"Beli cas 75rb tidak terpakai tidak ada garansi. barang bosok didol ae!!!",1,negatif
"Maaf ulasan disini karna yg dikebonsari belum ada di google, SANGAT KECEWA karena sales menawarkan temper glass yg tidak bisa digunakan dan harga mahal 40K, di tuker sih, tpi ttep aja tidak terpakai, saya minta tukar yg 10rb aja tidak boleh walau saya ttep rugi, klo gk bisa tuker sia-sia Dong saya buang 40rb tdk bisa dipakai.",1,negatif
"muahal Naudzubillah",2,negatif
"Pelayanannya helpfull, banyak tawaran diskon dan barang variatif, cuman mungkin bisa ditambah variasi merk barang yang dijual",5,positif
"Pelayanan ramahü§ó banyak promoan dan barang nya juga sangat lengkapü•≥ü§©",5,positif
"Pelayanan bagus , ramah murah senyum dan penjelasan barang mantap , recommended üëçüòç",5,positif
"Klo mau cari sgala asoseris ponsel yaa disini tempatnya karna variantnya banyak bgt. Tak hanya casching berbgai tipe, tersedia jg sound, holding kamera dll deh pokoknya. Pelayanannya ramah, harga cukup murah apalagi klo kita menjadi member. Setiap belanja appun bakal dpt diskon 25% tp selain produk promo yaa gaes.",5,positif
"Datang kesini karena sudah langganan dan pelayan tetap masih sama ramah dan penjelasan barang nya mantap ü•∞",5,positif
"Pelayanan mantab barang lengkap dan ramah pelayanan murah senyum ü•∞üòâ",5,positif
"langganan disini selalu beli temperglass dan dapat vcr belanja juga mantap üëçüèª",5,positif
"Pelayanan ramah dan buanyak promo promo menarim sudah langganan disini ü´∞ü´∂",5,positif
"Langganan disini karena barang lengkap pelayanan mantap super cepet",5,positif
"Pelayanan bagus barang lengkap mbk""nya murah senyum recommended üòçüòç",5,positif
"puas banget belanja disini, dijamin gak akan pernah kecewa, next pasti bakal order disini harga nya juga super duper murah banget",5,positif
"Barang baik dan bagus juga berkualitas, banyak penawaran diskonya pelayanannya pun juga baik",5,positif
"Pelayanan bagus , mbaknya ramah ngejelasin barang nya telaten Mantapp üëçüëç",5,positif
"Pelayanan Ramah banyak promo menarik juga mbk nya baik2 loo",5,positif
"Pengalaaman belanja paling ok nihh barang lengkap pelayanan juga ok bingitss ü´∂üèª",5,positif
"recomendasi karena pelayanan baik dan bagi yang butuh aksesoria datang aja langsung kesini ü•∞",5,positif
"yang ngelayanin baik ramah dan telaten mantap di pertahankan yah‚ò∫",5,positif
"Terimakasih pelayanannya sangat sempurna, tokonya bersih dan penjaganya ramah",5,positif
"Pelayanan bagus,ramah dan sangat m muaskanü§©",5,positif
"Pelayan super ramah , barang lengkap, murah senyum , recomendasi üòç",5,positif
"Barang nya lengkap saya habis pasang temper yang masang nya rapih bgtü§©",5,positif
"Pelayanan sangat ramah dan banyak promo jugaüòç",5,positif
"Banyak promo dan pelayan Rama banget murah senyum ü•∞",5,positif
"Pelayanan sopan banget ,penjelasan barang juga talaten üòä",5,positif
"Toko acc HP terlengkap. Gak pernah kecewa belanja di toko ini",5,positif
"top ü§©ü§© pelayanan ramaah harga worthit bgtt langganan pokoknya !!!",5,positif
"pelayanan ramah banget pokok nya the best ü•∞üíñ",5,positif
"Barangnya lengkap dan bergaransi next pasti kesini lagi",5,positif
"Pelayanan rama dan banyak promo",5,positif
"Toko Acc Hp yang terpercaya, kualitas bagus üëç",5,positif
"Pelayanan bagus mantap recommended pokoknya ‚ù§Ô∏è",5,positif
"Banyak promo nya dan diskon ramadhan üòç",5,positif
"Banyak promo Dan kualitas terjamin",5,positif
"Mbak nya ramah ü•∞",5,positif
"Baik pelayanannya mantap",5,positif
"Pelayanan nya ramahüòª",5,positif
"Banyak promo dan pelayanan ramah",5,positif
"Lumayan",5,positif
"Banyak promo dan pelayanan bagusü•∞",5,positif
"Mantap pelayanannya",5,positif
"rekomendasi üíñ",5,positif
,5,positif
,5,positif
,5,positif
,5,positif
,5,positif
,5,positif
,5,positif
,5,positif
,5,positif
,5,positif
,5,positif
,5,positif
,5,positif
,5,positif
,5,positif
,5,positif
,5,positif
,5,positif
,5,positif
,5,positif
,5,positif
,5,positif
,5,positif
,5,positif
,5,positif
,5,positif
"Pelayanan sangat baik terhadap pembeli kwalitas barang ok harga terjangkau.",5,positif
"macam macam tipe case hp, lengkap bgt mulai dari aksesoris hp, best banget‚ù§‚ù§‚ù§‚ù§",5,positif
"Pelayanan yang sangat baik dan promo yang menarik yang bisa didapat jika berbelanja di frenz kotalama",5,positif
"Belanja aksesoris handphone disini lengkap, harga terjangkau, pelayanan cepat n ramah. Mantap",5,positif
"pelayanan nya baik,nyaman banyak dapat hadiah dan harga terjangkau bener"" puas belanja di frenz",5,positif
"pelayanan sangat baik, pegawai sangat rama sekali, rekomend belanja di sini, barang berkualitas dan lengkap.",5,positif
"pelayanan ramah, harga murah banyak promo",5,positif
"Tokonya cukup lengkap, pelayanannya ramah baik dan cepat",5,positif
"Pelayanan sangat ramah harga murah",5,positif
"Cuma frenz kotalama dgn harga yg bisa dinego üòãü§≠üòÅ",5,positif
"Karyawannya ramah . Salut untuk toko acc sekelas Frenz Kotalama ‚ô•Ô∏è‚ô•Ô∏è",5,positif
"pelayanan sangat baik, dan harga terjangkau",5,positif
"Belanjalah ke frenz kota lama malang barangnya sangat lengkap",5,positif
"pelayanan sangat baik, kakanya ramah",5,positif
"Pelayanan memuaskan..cepat dan hasilnya sempurna",5,positif
"pelayanan sangat ramah . banyak diskon melimpah ü§óü§óü§ó",5,positif
"Pelayanan terbaik.... Mbak e seru",5,positif
"Wajib repeat order, hrga terjangkau, pelayanan cepat",5,positif
"Aksesoris lengkap untuk semua tipe handphone anda",5,positif
"Makasih masnya pelayanan masih tetap istimewa üòâ",5,positif
"Pelayanannya baguss bangetttüòç",5,positif
"Pelayanan ramah barang lengkap",5,positif
"Pelayan bagus ramah mbak e cantik cantik",5,positif
"Barang bagus dan pelayanan oke",5,positif
"Pelayanan ramah, koleksi lengkap üëç",5,positif
"Terus dengan pelayanan terbaik üëçüíØ",5,positif
"Pelayanan ramahh banget",5,positif
"Bagus dan lengkap",5,positif
"Sangat puas Pelayanan ramahü§≠",5,positif
"Pelayanan baik dan tidak membuat pelanggan kecewa",5,positif
"Barang berkualaitas dan harga bersahabat üòãüëå",5,positif
"Pelayanan ramah terbaik jos",5,positif
"Pelayanannya memuaskan.....",5,positif
"pelayanan sangat memuaskan",5,positif
"pelayanan,harga memuaskan",5,positif
"Mantap banger jos",5,positif
"Ok mantap . Semua terlayani dengan baik .",5,positif
"Bagus banget pelayanannya",5,positif
"Selalu dengan pelayanan terbaik ü•∞ü•∞",5,positif
"Mantap pelayanan nya",5,positif
"Barangnya bagus",5,positif
"Toko lengkap & pelahanannya ramah",5,positif
"Mantappp pelayanannya jos",5,positif
"Mendapat diskon 25%",5,positif
"Semoga lancar berkembangü•∞",5,positif
"sudah bagus pelayanan nya juga bagus",5,positif
"Mantap mbaknya cuantik üòçüòç",5,positif
"Mantap layanannya bos",5,positif
"pelayanannya baik",5,positif
"Sangat puas dengan pelayanannya",5,positif
"Pelayanan yang sangat baik",5,positif
"Ramah dan bisa diandalkan",5,positif
"Pelayanan sangat ramah",5,positif
"Kualitas oke",5,positif
"Tempat ini jual asosiasi Hp 2 hari yg lalu membelikan taperglas A 03 S",5,positif
"Mari saudara teman2 pinarak warung rasa jaya depan sd1 gadang juga terima pesanan",5,positif
"Mantap jos",5,positif
"Begitu masuk toko di sambut dengan pelayanan yg cukup ramah dan menyenangkan",5,positif
"Layanan ramah",5,positif
"sangat bagus",5,positif
"keren",5,positif
"puas",5,positif
"mantap",5,positif
"Aksesoris smartphone cukup lengkap, pelayanan ramah",5,positif
"mantap jos",5,positif
"Aksesoris nya lengkap, penjualnya ramah",5,positif
"Lengkap, barang banyak pilihan, pegawainya ramah,,",5,positif
"Pelayanan yg ramah...",5,positif
"Cukup terjangkau harga dan tempatnya",5,positif
"Gercep. Murah",5,positif
"Harga terjangkau",5,positif
"Pelayanan ok",5,positif
"Lengkap semua da harga murah",5,positif
"Barang nya komplet",5,positif
"Minta no counternya yanng bisa dihubungin",5,positif
"Kemaren habis beli headset dsni",5,positif
"Aksesoris hp nya lengkap",5,positif
"üëç",5,positif
"Lumayan bagus dan ramah",5,positif
"Case nyaa lengkap",5,positif
"Pelayanan mantab !",5,positif
"Acc termurah dan terkengkap",5,positif
"Sangat oke",5,positif
"Deket kopi studio yakan",5,positif
"Beli silicon HP",5,positif
"üòäüòäüòäüòäüòä",5,positif
"Baik",5,positif
"pernah beli",5,positif
"Komplit",5,positif
"Pelayanan sip",5,positif
"nyaman",5,positif
"Lumayan",5,positif
"BANYAK DISKON",5,positif
"Nice store",5,positif
"Good",5,positif
"Ok",5,positif
"sip sip sip sip sip",5,positif
"Nice place",5,positif
"Sipp",5,positif
,5,positif
,5,positif
,5,positif
,5,positif
,5,positif
,5,positif
,5,positif
,5,positif
,5,positif
,5,positif
,5,positif
,5,positif
,5,positif
,5,positif
,5,positif
,5,positif
,5,positif
,5,positif
,5,positif
,5,positif
,5,positif
,5,positif
,5,positif
,5,positif
,5,positif
,5,positif
,5,positif
,5,positif
,5,positif
,5,positif
,5,positif
,5,positif
,5,positif
,5,positif
,5,positif
,5,positif
,5,positif
,5,positif
,5,positif
,5,positif
,5,positif
,5,positif
,5,positif
,5,positif
,5,positif
,5,positif
,5,positif
,5,positif
,5,positif
,5,positif
,5,positif
,5,positif
,5,positif
,5,positif
,5,positif
,5,positif
,5,positif
,5,positif
,5,positif
,5,positif
,5,positif
,5,positif
,5,positif
,5,positif
,5,positif
,5,positif
,5,positif
,5,positif
,5,positif
,5,positif
"Good",5,positif
,5,positif
,5,positif
,5,positif
,5,positif
,5,positif
,5,positif
"Pelayanan bagus sangat puas",4,positif
"kayanya sieh toko jualan aksesories hp terlengkap.. kaya misalnya barang jadul.. nah disitu masih tersedia stock nya.. harga murah.. tapi ga murahan..",4,positif
"jika butuh accessories hp, kesini aja, banyak pilihan dan harga sesuai",4,positif
"Harga lumayan miring n cukup komplit aksesorisnya üëç",4,positif
"pelayanannya baik dan cepat",4,positif
"Aksesoris handphone yang lumayan komplit.. üëç",4,positif
"Cukup lenkap asesorisnya, ramah",4,positif
"Boleh lah",4,positif
"Sepi tapi",4,positif
"Aksesoris hp...",4,positif
"cheap and complete. Serving the installation of tempered glass with a variety of options",4,positif
"Bagus banget",4,positif
,4,positif
,4,positif
,4,positif
,4,positif
,4,positif
,4,positif
,4,positif
,4,positif
,4,positif
,4,positif
,4,positif
,4,positif
,4,positif
,4,positif
,4,positif
,4,positif
,4,positif
,4,positif
,4,positif
,4,positif
"Pas buat belanja aksesori hp....",3,netral
"Aksesoris bukan ori",3,netral
"Kurang lengkap....",3,netral
"Kurang lengkap",3,netral
,3,netral
,3,netral
,3,netral
,3,netral
,3,netral
,3,netral
"beli charge kok bisa di dalam kotaknya banyak semut merahnya, bikin ga awet kabel aja. udah di buang tempatnya",1,negatif
"Pasang screen guard ga bener",1,negatif
"buka jam berapa si jam 10 aja belom buka balik lagi jam 1 masih belum buka haduh",1,negatif
,1,negatif
,1,negatif
,1,negatif
,1,negatif
,1,negatif